{"cameraMode":{"drawMode":0,"name":"Shaded","section":"Shading Mode"},"sceneLighting":true,"audioPlay":false,"sceneViewState":{"showFog":true,"showMaterialUpdate":false,"showSkybox":true,"showFlares":true,"showImageEffects":true,"showParticleSystems":true},"in2DMode":false,"pivot":{"x":275.912353515625,"y":690.469970703125,"z":9928.8173828125},"rotation":{"x":-0.1192648634314537,"y":-0.7251009345054627,"z":0.12994667887687684,"w":-0.6656714081764221},"size":3841.23095703125,"orthographic":false}