{"cameraMode":{"drawMode":0,"name":"Shaded","section":"Shading Mode"},"sceneLighting":true,"audioPlay":false,"sceneViewState":{"showFog":true,"showMaterialUpdate":false,"showSkybox":true,"showFlares":true,"showImageEffects":true,"showParticleSystems":true},"in2DMode":false,"pivot":{"x":16666.52734375,"y":322.9854736328125,"z":12725.0615234375},"rotation":{"x":-0.03915802389383316,"y":0.9599088430404663,"z":-0.21667101979255677,"w":-0.1734801083803177},"size":1258.8096923828125,"orthographic":false}