{"cameraMode":{"drawMode":0,"name":"Shaded","section":"Shading Mode"},"sceneLighting":true,"audioPlay":false,"sceneViewState":{"showFog":true,"showMaterialUpdate":false,"showSkybox":true,"showFlares":true,"showImageEffects":true,"showParticleSystems":true},"in2DMode":false,"pivot":{"x":16441.390625,"y":345.2342529296875,"z":13052.19921875},"rotation":{"x":-0.08722203969955445,"y":0.6979666352272034,"z":-0.08628545701503754,"w":-0.7055422067642212},"size":571.5767822265625,"orthographic":false}