{"cameraMode":{"drawMode":0,"name":"Shaded","section":"Shading Mode"},"sceneLighting":true,"audioPlay":false,"sceneViewState":{"showFog":true,"showMaterialUpdate":false,"showSkybox":true,"showFlares":true,"showImageEffects":true,"showParticleSystems":true},"in2DMode":false,"pivot":{"x":16314.3447265625,"y":200.29075622558595,"z":12890.767578125},"rotation":{"x":-0.08722203969955445,"y":0.6979666352272034,"z":-0.08628545701503754,"w":-0.7055422067642212},"size":853.9837036132813,"orthographic":false}