{"cameraMode":{"drawMode":0,"name":"Shaded","section":"Shading Mode"},"sceneLighting":true,"audioPlay":false,"sceneViewState":{"showFog":true,"showMaterialUpdate":false,"showSkybox":true,"showFlares":true,"showImageEffects":true,"showParticleSystems":true},"in2DMode":false,"pivot":{"x":15549.431640625,"y":0.1314047873020172,"z":11734.3642578125},"rotation":{"x":-0.009562251158058644,"y":-0.9819355607032776,"z":0.1817387491464615,"w":-0.051790278404951099},"size":935.0511474609375,"orthographic":false}