{"cameraMode":{"drawMode":0,"name":"Shaded","section":"Shading Mode"},"sceneLighting":false,"audioPlay":false,"sceneViewState":{"showFog":true,"showMaterialUpdate":false,"showSkybox":true,"showFlares":true,"showImageEffects":true,"showParticleSystems":true},"in2DMode":false,"pivot":{"x":-27.843568801879884,"y":-1.3701305389404297,"z":-28.377517700195314},"rotation":{"x":-0.019247958436608316,"y":0.9708700180053711,"z":-0.08351557701826096,"w":-0.22375468909740449},"size":128.74160766601563,"orthographic":false}