{"cameraMode":{"drawMode":0,"name":"Shaded","section":"Shading Mode"},"sceneLighting":true,"audioPlay":false,"sceneViewState":{"showFog":true,"showMaterialUpdate":false,"showSkybox":true,"showFlares":true,"showImageEffects":true,"showParticleSystems":true},"in2DMode":false,"pivot":{"x":16242.033203125,"y":202.39305114746095,"z":12906.671875},"rotation":{"x":-0.03915802389383316,"y":0.9599088430404663,"z":-0.21667101979255677,"w":-0.1734801083803177},"size":831.7377319335938,"orthographic":false}