{"cameraMode":{"drawMode":0,"name":"Shaded","section":"Shading Mode"},"sceneLighting":false,"audioPlay":false,"sceneViewState":{"showFog":true,"showMaterialUpdate":false,"showSkybox":true,"showFlares":true,"showImageEffects":true,"showParticleSystems":true},"in2DMode":false,"pivot":{"x":-1.2234318256378174,"y":5.201405048370361,"z":2.13419246673584},"rotation":{"x":0.00039766612462699413,"y":-0.9986573457717896,"z":0.05128450319170952,"w":0.007300417870283127},"size":2.8578836917877199,"orthographic":false}