{"cameraMode":{"drawMode":0,"name":"Shaded","section":"Shading Mode"},"sceneLighting":true,"audioPlay":false,"sceneViewState":{"showFog":true,"showMaterialUpdate":false,"showSkybox":true,"showFlares":true,"showImageEffects":true,"showParticleSystems":true},"in2DMode":false,"pivot":{"x":16345.96875,"y":667.218017578125,"z":11682.0029296875},"rotation":{"x":-0.08722203969955445,"y":0.6979666352272034,"z":-0.08628545701503754,"w":-0.7055422067642212},"size":2237.06982421875,"orthographic":false}