{"cameraMode":{"drawMode":0,"name":"Shaded","section":"Shading Mode"},"sceneLighting":true,"audioPlay":false,"sceneViewState":{"showFog":true,"showMaterialUpdate":false,"showSkybox":true,"showFlares":true,"showImageEffects":true,"showParticleSystems":true},"in2DMode":false,"pivot":{"x":15540.9296875,"y":183.41604614257813,"z":14063.8076171875},"rotation":{"x":-0.0006474073743447661,"y":-0.9919081330299377,"z":0.12685556709766389,"w":-0.00506227184087038},"size":655.9697875976563,"orthographic":false}