{"cameraMode":{"drawMode":0,"name":"Shaded","section":"Shading Mode"},"sceneLighting":true,"audioPlay":false,"sceneViewState":{"showFog":true,"showMaterialUpdate":false,"showSkybox":true,"showFlares":true,"showImageEffects":true,"showParticleSystems":true},"in2DMode":false,"pivot":{"x":1132.4527587890625,"y":-1711.692138671875,"z":119.51171875},"rotation":{"x":-0.009341692551970482,"y":-0.9860197901725769,"z":0.15539239346981049,"w":-0.05942274257540703},"size":24013.71484375,"orthographic":false}