{"cameraMode":{"drawMode":0,"name":"Shaded","section":"Shading Mode"},"sceneLighting":true,"audioPlay":false,"sceneViewState":{"showFog":true,"showMaterialUpdate":true,"showSkybox":true,"showFlares":true,"showImageEffects":true,"showParticleSystems":true},"in2DMode":false,"pivot":{"x":14631.22265625,"y":-1814.56640625,"z":5693.2373046875},"rotation":{"x":0.07515717297792435,"y":-0.9095335602760315,"z":0.3627525866031647,"w":0.18844294548034669},"size":2957.524169921875,"orthographic":false}