{"cameraMode":{"drawMode":0,"name":"Shaded","section":"Shading Mode"},"sceneLighting":false,"audioPlay":false,"sceneViewState":{"showFog":true,"showMaterialUpdate":false,"showSkybox":true,"showFlares":true,"showImageEffects":true,"showParticleSystems":true},"in2DMode":false,"pivot":{"x":16314.376953125,"y":200.29873657226563,"z":12890.767578125},"rotation":{"x":-0.08722203969955445,"y":0.6979666352272034,"z":-0.08628545701503754,"w":-0.7055422067642212},"size":1223.148193359375,"orthographic":false}