{"cameraMode":{"drawMode":0,"name":"Shaded","section":"Shading Mode"},"sceneLighting":true,"audioPlay":false,"sceneViewState":{"showFog":true,"showMaterialUpdate":false,"showSkybox":true,"showFlares":true,"showImageEffects":true,"showParticleSystems":true},"in2DMode":false,"pivot":{"x":16267.333984375,"y":394.70379638671877,"z":13056.9853515625},"rotation":{"x":-0.08722203969955445,"y":0.6979666352272034,"z":-0.08628545701503754,"w":-0.7055422067642212},"size":831.7377319335938,"orthographic":false}