{"cameraMode":{"drawMode":0,"name":"Shaded","section":"Shading Mode"},"sceneLighting":true,"audioPlay":false,"sceneViewState":{"showFog":true,"showMaterialUpdate":false,"showSkybox":true,"showFlares":true,"showImageEffects":true,"showParticleSystems":true},"in2DMode":false,"pivot":{"x":-412.9998779296875,"y":225.1339111328125,"z":13782.7998046875},"rotation":{"x":0.0006744468701072037,"y":-0.9884900450706482,"z":0.15122464299201966,"w":0.004258235916495323},"size":1070.2073974609375,"orthographic":false}