{"cameraMode":{"drawMode":0,"name":"Shaded","section":"Shading Mode"},"sceneLighting":true,"audioPlay":false,"sceneViewState":{"showFog":true,"showMaterialUpdate":true,"showSkybox":true,"showFlares":true,"showImageEffects":true,"showParticleSystems":true},"in2DMode":false,"pivot":{"x":15543.3046875,"y":254.27545166015626,"z":13213.9365234375},"rotation":{"x":0.21133574843406678,"y":-0.6368234157562256,"z":0.187611386179924,"w":0.7173528671264648},"size":1070.2069091796875,"orthographic":false}