{"cameraMode":{"drawMode":0,"name":"Shaded","section":"Shading Mode"},"sceneLighting":false,"audioPlay":false,"sceneViewState":{"showFog":true,"showMaterialUpdate":false,"showSkybox":true,"showFlares":true,"showImageEffects":true,"showParticleSystems":true},"in2DMode":false,"pivot":{"x":0.0,"y":1.7999999523162842,"z":9.930000305175782},"rotation":{"x":-0.09750048071146012,"y":-0.05531106889247894,"z":0.005449958145618439,"w":-0.9936823844909668},"size":5.760745048522949,"orthographic":false}