{"cameraMode":{"drawMode":0,"name":"Shaded","section":"Shading Mode"},"sceneLighting":false,"audioPlay":false,"sceneViewState":{"showFog":true,"showMaterialUpdate":false,"showSkybox":true,"showFlares":true,"showImageEffects":true,"showParticleSystems":true},"in2DMode":false,"pivot":{"x":-570.0529174804688,"y":52.099998474121097,"z":11433.919921875},"rotation":{"x":-0.0006474073743447661,"y":-0.9919081330299377,"z":0.12685556709766389,"w":-0.00506227184087038},"size":342.9460754394531,"orthographic":false}